Filename,Text,Source,Label,
1_00001,Do jews wear those hats to cover their horns?,https://www.youtube.com/watch?v=jlNBRcNwy3E,1,
1_00002,Why do hindus look smelly.,https://www.youtube.com/watch?v=jlNBRcNwy3E,1,
1_00003,"Christian freaks are terrifying, they scare me more than any other threat on earth.",https://www.youtube.com/watch?v=jlNBRcNwy3E,1,
1_00004,Most aethists are effing liberals and they are trying to destroy the west just look at europe right now plus the aethist is a total.,https://www.youtube.com/watch?v=jlNBRcNwy3E,1,
1_00005,"Arguing with muslims is like playing chess with a pigeon; no matter how good you are at chess the pigeon is just going to knock over the piesces, crap on the board and strut around like it's victorious.",https://www.youtube.com/watch?v=jlNBRcNwy3E,1,
1_00006,"They are literally the most privileged group in the world, look at the average jewish income or business ownership and compare it to African Americans. Damn even to asians, middle easterns and whites.",https://www.youtube.com/watch?v=jlNBRcNwy3E,1,
1_00007,"Christians are subhumans with zero intellect, we need to ship them to Iran.",https://www.youtube.com/watch?v=jlNBRcNwy3E,1,
1_00008,A hindu believes a cow to be their mother if so do they drink their piss.,https://www.youtube.com/watch?v=jlNBRcNwy3E,1,
1_00009,"I dont want to forge friendships with homos no thanks, L O L.",https://www.youtube.com/watch?v=8--kO4gqmEQ,1,
1_00010,Christians are stupid and they think they are better than everyone else.,https://www.youtube.com/watch?v=8--kO4gqmEQ,1,
1_00011,Are trans people considered real people or are they like imaginary friends you bring out everytime you want to make a political point.,https://www.youtube.com/watch?v=8--kO4gqmEQ,1,
1_00012,So basically the Evangelicals are the taliban of north america.,https://www.youtube.com/watch?v=8--kO4gqmEQ,1,
1_00013,The jewish people are righteous people not very good at sports.,https://www.youtube.com/watch?v=8--kO4gqmEQ,1,
1_00014,I believe in lesbians when they stop using strap ons and dildos.,https://www.youtube.com/watch?v=8--kO4gqmEQ,1,
1_00015,Your staff is speaking spanish to the customers when they should be speaking english.,https://www.youtube.com/watch?v=bCTXvZ8Ng-s,1,
1_00016,Vegetable people are so weird why.,https://www.youtube.com/watch?v=dxMbga0ILY0,1,
1_00017,Vegan is an ancient inuit word for shitty hunter.,https://www.youtube.com/watch?v=dxMbga0ILY0,1,
1_00018,There is a reason why asian men are not in western porn they have small penises and cant compete with western men.,https://www.youtube.com/watch?v=f1dMxRGVGz8,1,
1_00019,A country that is all white is all right.,https://www.youtube.com/watch?v=f1dMxRGVGz8,1,
1_00020,I hope this doesnt sound racist but i love when mexicans are selling fruit by my house.,https://www.youtube.com/watch?v=f1dMxRGVGz8,1,
1_00021,dirty whore dirty you're talking about living together talking about having twenty thousand wives that's fast enough disgusting,https://www.youtube.com/watch?v=e1sTGsMFMBw,1,
1_00022,Laugh my ass off all white people triggered and mad because they age like bananas.,https://www.youtube.com/watch?v=f1dMxRGVGz8,1,
1_00023,"Iran, china, and russia, are we going to keep pretending that their citizens are even human, they aren't they need to be destroyed and their bloodlines and cultures erased.",https://www.youtube.com/watch?v=f1dMxRGVGz8,1,
1_00024,Be great if they went back to africa and left white people alone without all this whining.,https://www.youtube.com/watch?v=f1dMxRGVGz8,1,
1_00025,"They are the most ungrateful race in existence, with almost zero contribution to the world, with extreme jealousy and hate towards other races. Everywhere they go they bring third world shit with them. So back to your african wakanda",https://www.youtube.com/watch?v=f1dMxRGVGz8,1,
1_00026,A world without blacks cleaner more tech less violent crimes better schools more industry better cleaner safer neighborhoods and schools less whining and more advanced civilisation.,https://www.youtube.com/watch?v=f1dMxRGVGz8,1,
1_00027,Blacks are animals.,https://www.youtube.com/watch?v=f1dMxRGVGz8,1,
1_00028,Mexicans work very hard dot dot dot at drug dealing.,https://www.youtube.com/watch?v=f1dMxRGVGz8,1,
1_00029,"Whites are weird and crazy, stay away from them.",https://www.youtube.com/watch?v=f1dMxRGVGz8,1,
1_00030,You should not be wearing that in the united states of america,https://www.youtube.com/watch?v=s0LJ27LaK30,1,
1_00031,And i think you are an ugly mean evil little pig who might get deported,https://www.youtube.com/watch?v=0ncMaeofgkY,1,
1_00032,I don't like him on the fact that he is black absolutely not.,https://www.youtube.com/watch?v=Q8RHxv0bxzo,1,
1_00033,I am sick and tired of people thinking specially I am mentioning black people thinking we owe them something that the world owes them something,https://www.youtube.com/watch?v=Q8RHxv0bxzo,1,
1_00034,Isabella stop speaking spanish you're american that is not your language.,https://www.youtube.com/watch?v=bCTXvZ8Ng-s,1,
1_00035,fucking sandbag bitches isis bitches love enough go home and make a bomb on the internet fucking bitches,https://www.youtube.com/watch?v=e1sTGsMFMBw,1,
1_00036,If you kick every latino out of this country then who is going to be cleanning your toilet donald trump.,https://www.youtube.com/watch?v=_zTN3Eolt7Y,1,
1_00037,fucking isis bitches carry on laughing carry on laughing with you fucking basket and your fucking clothes,https://www.youtube.com/watch?v=e1sTGsMFMBw,1,
1_00038,They are bringing drugs they are bringing crime they are rapists.,https://www.youtube.com/watch?v=_zTN3Eolt7Y,1,
1_00039,isis bitch you're lucky they don't kick you in the uterus then you'll never have a kid again stupid bitch i'll take this long leg and donkey kick you,https://www.youtube.com/watch?v=e1sTGsMFMBw,1,
1_00040,The jews are responsible for all the wars in the world.,https://www.youtube.com/watch?v=_zTN3Eolt7Y,1,
1_00041,"You are dressed provocatively all the time with your fake boobs you feel you have to show off and tight outfits and your tight pants, you can see your pussy from behind.",https://www.youtube.com/watch?v=_zTN3Eolt7Y,1,
1_00042,Got some rough girls those rotgers man they got tattoos and some hot girl hoes that is some nappy headed hoes. I'll take that.,https://www.youtube.com/watch?v=_zTN3Eolt7Y,1,
1_00043,we hate islam we hate islam we hate sharia,https://www.youtube.com/watch?v=jrpaFAloL7Q,1,
1_00044,"Would you round gigi's eyes a little bit, because of her high eyebrows it makes her look chinese really quick.",https://www.youtube.com/watch?v=tdv3bBUOSB8,1,
1_00045,"keep your eyes always round and big, so they pop. Not the chinese looking you know because that's not good for her face.",https://www.youtube.com/watch?v=tdv3bBUOSB8,1,
1_00046,"he is six two, two-twenty black, he could make a good orangutan or monkey or whatever.",https://www.youtube.com/watch?v=tdv3bBUOSB8,1,
1_00047,You know how you can have a sex change and a race change. But i literally am black.,https://www.youtube.com/watch?v=tdv3bBUOSB8,1,
1_00048,You gotta learn english you know we are in america they speak english here.,https://www.youtube.com/watch?v=tdv3bBUOSB8,1,
1_00049,Heather was playing a role of being very aggressive and ghetto like.,https://www.youtube.com/watch?v=tdv3bBUOSB8,1,
1_00050,You were not brought up in ghetto girl okay hola.,https://www.youtube.com/watch?v=tdv3bBUOSB8,1,
1_00051,"You were in my face acting all ghetto, okay. This isn't the hood this is the hamptons.",https://www.youtube.com/watch?v=tdv3bBUOSB8,1,
1_00052,Black girl with a white help i love it.,https://www.youtube.com/watch?v=tdv3bBUOSB8,1,
1_00053,Who cares you look like an indian.,https://www.youtube.com/watch?v=tdv3bBUOSB8,1,
1_00054,I think its ironic that everybody's dressed like a cowboy and she's fucking indian.,https://www.youtube.com/watch?v=tdv3bBUOSB8,1,
1_00055,"I deal with black guys on a daily basis, i had to ask the women who know what white guys like.",https://www.youtube.com/watch?v=tdv3bBUOSB8,1,
1_00056,You're a black person all my black friends can't swim.,https://www.youtube.com/watch?v=OdRZpiWyXBM,1,
1_00057,"You shouldn't even be here, you need to go to miami where all the latinos are. You shouldn't be here in beverly hills.",https://www.youtube.com/watch?v=OdRZpiWyXBM,1,
1_00058,Well you don't need sun so that's perfect. That's perfect for you. Well if i was black i would have one inside my house too.,https://www.youtube.com/watch?v=OdRZpiWyXBM,1,
1_00059,Growing up in a white household he's not use to all this fancy stuff.,https://www.youtube.com/watch?v=OdRZpiWyXBM,1,
1_00060,"You don't like black guys? No, i don't like black guys.",https://www.youtube.com/watch?v=OdRZpiWyXBM,1,
1_00061,Only the help speak spanish.,https://www.youtube.com/watch?v=bCTXvZ8Ng-s,1,
1_00062,"Isabella, no more spanish its not part of your culture anymore. I don't care, you are an american now.",https://www.youtube.com/watch?v=bCTXvZ8Ng-s,1,
1_00063,Come on mexican i thought you were all mexican and strong. She wants to prove how tough she is cause she is from mexico.,https://www.youtube.com/watch?v=OdRZpiWyXBM,1,
1_00064,"The little chirpy mexican has to have her way. I am so brave, mexico, I am from Mexico. I can take anybody's ass.",https://www.youtube.com/watch?v=OdRZpiWyXBM,1,
1_00065,I didn't mean mexican in a derogatory way or i wouldn't speak mexican.,https://www.youtube.com/watch?v=OdRZpiWyXBM,1,
1_00066,"How hard is it, how many times do you need to be asked. I am sorry, i didn't say it in spanish take the fucking hat off.",https://www.youtube.com/watch?v=OdRZpiWyXBM,1,
1_00067,"i dont care that you are mexican, I have slept with plenty of mexicans.",https://www.youtube.com/watch?v=OdRZpiWyXBM,1,
1_00068,Ediho is very at home at a mexican restaurant and it definitely brings out eddy's inner beaner.,https://www.youtube.com/watch?v=OdRZpiWyXBM,1,
1_00069,Is that a joke no they are like this they are like chinky chinky chinamen.,https://www.youtube.com/watch?v=OdRZpiWyXBM,1,
1_00070,I dont know how to say not so smart in japanese. No arigato hand in ice-o.,https://www.youtube.com/watch?v=OdRZpiWyXBM,1,
1_00071,"I dont want to be kung fu panda. You know you have kind off those, kind off slightly slanted eyes. I don't know, maybe you got confused.",https://www.youtube.com/watch?v=OdRZpiWyXBM,1,
1_00072,"You would not find another white women to sit on that motherfucker, cause nobody is dumb enough to do that.",https://www.youtube.com/watch?v=OdRZpiWyXBM,1,
1_00073,Nobody really wanted to cause social media wasn't there and fucking racism wasn't real. This whole racism in this day and age is bullshit.,https://www.youtube.com/watch?v=OdRZpiWyXBM,1,
1_00074,"You're weave is busted. You're trash, you this. You're ratchet.",https://www.youtube.com/watch?v=OdRZpiWyXBM,1,
1_00075,This woman is a stalker from the middle eastern terrorist and she is terrorizing simples like me and she will probably get deported,https://www.youtube.com/watch?v=0ncMaeofgkY,1,
1_00076,"Honey, i know many people who might be jews, who can't stand jews.",https://www.youtube.com/watch?v=OdRZpiWyXBM,1,
1_00077,"Are these black people walking around, cause black on black is hard to see. I can't really see who is who in all black. I can only see the beige people like myself, everybody else i only see teeth and eyes.",https://www.youtube.com/watch?v=OdRZpiWyXBM,1,
1_00078,"What you got is half breed shit is not in atlanta, they are not looking for you. Oh ,you dont like half breeds? You're a whore. ",https://www.youtube.com/watch?v=OdRZpiWyXBM,1,
1_00079,what's an aborigine we had to go google it since columbus came it's american indian,https://www.youtube.com/watch?v=OdRZpiWyXBM,1,
1_00080,throw his ass out he's a nigger he's a nigger he's a nigger a nigger look there's a nigger,https://www. youtube.com/watch?v=TKMGjvGBsVs,1,
1_00081,Hey you stupid moron where is the fucking nigger pot.,https://www.youtube.com/watch?v=OdRZpiWyXBM,1,
1_00082,"You're so fucking powerful, you've got a nigger connection. Stupid fucking mexican.",https://www.youtube.com/watch?v=OdRZpiWyXBM,1,
1_00083,Mexican cars just going to be a lazy feckless flatulent opening.,https://www.youtube.com/watch?v=jXAgTfyVacI,1,
1_00084,they cant do food the mexicans can they cause its all like sick with cheese on it.,https://www.youtube.com/watch?v=jXAgTfyVacI,1,
1_00085,just imagine waking up and remembering you're mexican.,https://www.youtube.com/watch?v=jXAgTfyVacI,1,
1_00086,"Shut up speak english, if you're going to speak.",https://www.youtube.com/watch?v=JQNgCUgdCis,1,
1_00087,"What are you, you do not even look human. Okay, get off our street you do not belong in playa vista.",https://www.youtube.com/watch?v=4_lfGnIcwto,1,
1_00088,People cannot know you're gay.,https://www.youtube.com/watch?v=j0HimifAxkI,1,
1_00089,We speak english in america.,https://www.youtube.com/watch?v=bCTXvZ8Ng-s,1,
1_00090,"It's okay, speak english you are in america. They come here to live and act like everybody else.",https://www.youtube.com/watch?v=bCTXvZ8Ng-s,1,
1_00091,Islam hates us,https://www.youtube.com/watch?v=RskvZgc_s9g,1,
1_00092,I don't trust this mexican boss. You know the only reason they hit pinatas is so they can practice beating white people.,https://www.youtube.com/watch?v=4APOXh9qzlw,1,
1_00093,no offense but black people have to learn how to parallel park.,https://www.youtube.com/watch?v=4APOXh9qzlw,1,
1_00094,"Asians, they don't even know how to tag people on instagram.",https://www.youtube.com/watch?v=4APOXh9qzlw,1,
1_00095,"If our country was all caucasian, the homicide rate would drop seventy percent perhaps.",https://www.youtube.com/watch?v=RILA7a-kYes,1,
1_00096,we should be suspicious of all muslims in this country.,https://www.youtube.com/watch?v=RILA7a-kYes,1,
1_00097,"You go outside and piss in the gutter boy. I'll call 911 on your ass, before i let you ruin these white peoples toilet with that unemployed piss.",https://www.youtube.com/watch?v=0xK1DJ691sE,1,
1_00098,"We hear about slavery for four hundred years, for four hundred years that sounds like a choice.",https://www.youtube.com/watch?v=0xK1DJ691sE,1,
1_00099,"Because i am a white women, that's what happens i believe in white power.",https://www.youtube.com/watch?v=GWEBwHAH1HU,1,
1_00100,"I don't want a terrorist, touching my food or taking my order.",https://www.youtube.com/watch?v=bG6omxJJrw4,1,
1_00101,"Hey, I dont care what this guy says, he is a muslim. I dont think he should be working here",https://www.youtube.com/watch?v=bG6omxJJrw4,1,
1_00102,"She belongs in a white family, where she will be loved more by her own people.",https://www.youtube.com/watch?v=hgV6--qX6WI,1,
1_00103,A doctor who is not black is not helping my kid. I would like to see a white doctor.,https://www.youtube.com/watch?v=RQKx315yPtk,1,
1_00104,"You son of bitch, you fucking cunt, go back to where you are from.",https://www.youtube.com/watch?v=WjmDwWUhEpg,1,
1_00105,"I live in canada, I don't live in a terrorist country. Why are there so many turbans.",https://www.youtube.com/watch?v=WjmDwWUhEpg,1,
1_00106,Why you foreigners come over here and speak your goddamn fucking chinese.,https://www.youtube.com/watch?v=WjmDwWUhEpg,1,
1_00107,You sound white.,https://www.youtube.com/watch?v=WjmDwWUhEpg,1,
1_00108,you are really pretty for a black girl.,https://www.youtube.com/watch?v=WjmDwWUhEpg,1,
1_00109,"You want canadian people to give money to terrorism, is that what you wanna do. Why dont you go back to your own country.",https://www.youtube.com/watch?v=WjmDwWUhEpg,1,
1_00110,"You know what, this is canada we don't wear whatever the hell that thing is. I am canadian. No you are not.",https://www.youtube.com/watch?v=WjmDwWUhEpg,1,
1_00111,There is an islamic envasion into our government offices right now.,https://www.youtube.com/watch?v=sUvEZk_7Pa0,1,
1_00112,"I think you should leave, I feel really unconfortable putting you in a plane with real americans.",https://www.youtube.com/watch?v=w3UZyzGq9hs,1,
1_00113,"You, you're wearing your cap, you dont look american to me and i know i watch the news. I know what's happening, and he's muslim",https://www.youtube.com/watch?v=w3UZyzGq9hs,1,
1_00114,"You are muslim, you're not american.",https://www.youtube.com/watch?v=w3UZyzGq9hs,1,
1_00115,Seriously you're gonna give your baby to couple of gay guys but i think that is the worst thing you can do to your baby,https://www.youtube.com/watch?v=N85g6DQ4H1g,1,
1_00116,She's here illegally. She's better off in mexico.,https://www.youtube.com/watch?v=R2pa955EWP4,1,
1_00117,And my guess is they are undocumented so my next call is to ice to have each one of those kicked out of my country.,https://www.youtube.com/watch?v=bCTXvZ8Ng-s,1,
1_00118,"I just feel like, that someone who looks like you, should'nt be with kids that look like them.",https://www.youtube.com/watch?v=q6sNwlpu6d0,1,
1_00119,What you dont speak american. Why dont you go somewhere like taco bell where they speak spanish.,https://www.youtube.com/watch?v=5o-UPTKYT1o,1,
1_00120,Hey why dont you use english. This is america use english.,https://www.youtube.com/watch?v=5o-UPTKYT1o,1,
1_00121,"You dont deserve an all american burger, maybe an all mexican burger huevos rancheros or something.",https://www.youtube.com/watch?v=5o-UPTKYT1o,1,
1_00122,Im glad she's not my daughter. She's so pretty i did'nt even think she was a lesbian. Seems like a waste.,https://www.youtube.com/watch?v=NfBktuMXV00,1,
1_00123,"That's disgusting, i thought soldiers were supposed to be real men not fairies.",https://www.youtube.com/watch?v=EN4TiVwVmhw,1,
1_00124,You are why america's the laughingstock of the world. We have a bunch of queers fighting our wars.,https://www.youtube.com/watch?v=EN4TiVwVmhw,1,
1_00125,How can you be in the military and be gay.,https://www.youtube.com/watch?v=EN4TiVwVmhw,1,
1_00126,"I just really don't see the two of you fitting in. I mean come on, two gays guys this is a man's sport.",https://www.youtube.com/watch?v=A9NW_vhTwro,1,
1_00127,"I mean gay guys and sports. I just, i just dont get it.",https://www.youtube.com/watch?v=A9NW_vhTwro,1,
1_00128,"That means, I don't sell to white girls who are pretending to be black.",https://www.youtube.com/watch?v=KVUtyuIwbwU,1,
1_00129,You're forcing your gay lifestyle on an innocent child.,https://www.youtube.com/watch?v=sbA53wJJXpE,1,
1_00130,This is america we speak english here.,https://www.youtube.com/watch?v=vK1CJBTyef8,1,
1_00131,"you are idiots, you can get an education. But you want to be litle punk as nigga who's gonna get shot",https://www.youtube.com/watch?v=gezbLzXqbMA,1,
1_00132,"There were some night I went deliberately into black areas in the city, looking to be said upon so that i could unleash pfysical violence unleash physical violence",https://www.youtube.com/watch?v=Wl6_4oOppaY,1,
1_00133,Some rough girls from rutgers man. They got tattoos and some hot girl hoes. That's some nappy headed hoes there.,https://www.youtube.com/watch?v=kMvfEdTUO6Q,1,
1_00134,Then why didn't you stay in mexico,https://www.youtube.com/watch?v=I4mehbqRBlc,1,
1_00135,"Muslims killed us on nine eleven. No, oh my god. Muslims didn't kill us on nine one one, is that what you are saying.",https://www.youtube.com/watch?v=mY0YuXE65Gs,1,
1_00136,"If you wanna talk to me, you bring your manager here, you idiot. Or go speak chinese with your other staff and your shit talking somewhere else.",https://www.youtube.com/watch?v=hmyrBMCb7jw,1,
1_00137,Now you are just bragging nigga bitch. Oh nigga bitch monkey women,https://www.youtube.com/watch?v=czC6YZajaQg,1,
1_00138,"i am sitting in this cute little salon. My girl doesn't speak a lick of english, but besides that it's great. Can you imagine working on other people's feet your whole life, i mean it doesn't seem like she is trying to learn english or anything",https://www.youtube.com/watch?v=vK1CJBTyef8,1,
1_00139,"i am trying to talk to her and she is not speaking english. I mean it is our country, they come in here and",https://www.youtube.com/watch?v=vK1CJBTyef8,1,
1_00140,"they are so good with their hands. I don't know what it is, but asians are so good at giving massages.",https://www.youtube.com/watch?v=vK1CJBTyef8,1,
1_00141,"I am talking fresh of the bow, she is probably a bad driver too, but she is great at massage and probably great at math too",https://www.youtube.com/watch?v=vK1CJBTyef8,1,
1_00142,people worry when they see muslims,https://www.youtube.com/watch?v=GK6A-2PwfMI,1,
1_00143,"say what, you with a white girl? Yea, that's my girlfriend. You couldn't find a strong balck women for you",https://www.youtube.com/watch?v=V1SVjd6pL0I,1,
1_00144,"look i don't think you can like both. Why not? You can just say you are gay, you don't have to hide behind bisexuality",https://www.youtube.com/watch?v=M6pG7BZhRS0,1,
1_00145,"Bisexuality is not a real thing, you know that. Get your life straight. Get your life straight dude",https://www.youtube.com/watch?v=M6pG7BZhRS0,1,
1_00146,"I just don't think bisexuality itself is real. Like I said, I don't either",https://www.youtube.com/watch?v=M6pG7BZhRS0,1,
1_00147,"I just think when you come out, you should come out all the way. I just feel like bisexuality is just a stepping stone",https://www.youtube.com/watch?v=M6pG7BZhRS0,1,
1_00148,"It's bad enough that you are lesbains, but that they don't have a father, I think that's kind of bad. You dont feel uncomfortable, with people watching you",https://www.youtube.com/watch?v=Zhl9MLno424,1,
1_00149,Go back to mexico if you want to keep speaking Spanish. Go back to your mexican country,https://www.youtube.com/watch?v=Cr_-xnWnEbk,1,
1_00150,"I mean you are parents to these litle kids. She is gonna turn out gay just like you, because you have no dad in this family",https://www.youtube.com/watch?v=Zhl9MLno424,1,
1_00151,"with the stuff that's happening today, we can't be friends with a muslim man. Honestly yeah, it's just it's too dangerous",https://www.youtube.com/watch?v=6i_8ZWBE-5U,1,
1_00152,"Listen dude, I post pictures on instagram and people comment things, like why are you friends with a terrorist",https://www.youtube.com/watch?v=6i_8ZWBE-5U,1,
1_00153,"If there are any muslim fundamentals in this room, alright. You see this microphone , I am calling it mohammed right and it's fucking gay.",https://www.youtube.com/watch?v=ZZb_POyXd1Q,1,
1_00154,"But its not just the hat, its what it represents. Its just a hat. yea, it is muslims, dangerous.",https://www.youtube.com/watch?v=6i_8ZWBE-5U,1,
1_00155,"we don't sell clothings for muslims here. But I am not even a muslim, I am a sikh. It's the same thing, we don't sell like turbans here. This is an american clothing store",https://www.youtube.com/watch?v=AKjci2LVBN8,1,
1_00156,"so whether you are muslim, islamic, sikh, whatever you think you are. We don't have clothes that are gonna match your terrorist hat.",https://www.youtube.com/watch?v=AKjci2LVBN8,1,
1_00157,"I can't sell to muslims, that's my personal policy. But I am not a muslim, I am a sikh. I don't care its all the same, turbans a turban, you know",https://www.youtube.com/watch?v=AKjci2LVBN8,1,
1_00158,"We don't have a muslim attire here. I am not a muslim, I am a sikh. Go shop in pakistan or afganistan.",https://www.youtube.com/watch?v=AKjci2LVBN8,1,
1_00159,"Look at him, the beard and turban, it's just the image it conjures. You kidding me.",https://www.youtube.com/watch?v=AKjci2LVBN8,1,
1_00160,"I mean, nine times out ten, if somebody steals something, they are black, ok. That's pretty much how it goes.",https://www.youtube.com/watch?v=qWIph_xlTbY,1,
1_00161,"All of your other girlfriends were fit and thin and then you bring. Bethany is fit. No she is not fit. You aren't worried about life expectancy, she is out of shape",https://www.youtube.com/watch?v=mLG4ArsG_ts,1,
1_00162,"You clearly don't care about your body. You guys can relax now, it's ridiculous. You know what alright, I am just gonna have to say it, she is fat.",https://www.youtube.com/watch?v=mLG4ArsG_ts,1,
1_00163,"i can't accept it, you are huge, you are too big for my son. Let us know when you meet somebody else, alright.",https://www.youtube.com/watch?v=mLG4ArsG_ts,1,
1_00164,"your fucking allah, allah. You fucking muslim",https://www.youtube.com/watch?v=KHx21vr624Y,1,
1_00165,"If you are in america, you should speak american english",https://www.youtube.com/watch?v=Cr_-xnWnEbk,1,
1_00166,"you are a nobody. Just because you come from another country, it will make you nobody.",https://www.youtube.com/watch?v=pCeHrHFGZik,1,
1_00167,"You know what. What? You guys are acting like black people, you shouldn't, you should act like white people",https://www.youtube.com/watch?v=JuEuSl5gaWM,1,
1_00168,"You are black person in a white neighborhood, and you are acting like one. Why don't you act like a white person in a white neighborhood.",https://www.youtube.com/watch?v=JuEuSl5gaWM,1,
1_00169,"hey, where are you from? Are you from China. I am from Japan. I don't think there is a difference man, you should probably go back to your country though.",https://www.youtube.com/watch?v=SM7gsJyunvE,1,
1_00170,"You worship the buffalo, a damn buffalo can't save you.",https://www.youtube.com/watch?v=SG_E2g3fL8M,1,
1_00171,A bunch of incest babies. A bunch of babies made out of incest,https://www.youtube.com/watch?v=SG_E2g3fL8M,1,
1_00172,A bunch of donald trump's incest children,https://www.youtube.com/watch?v=SG_E2g3fL8M,1,
1_00173,"Not a black male, not a chinese male, with his eyes like this.",https://www.youtube.com/watch?v=kMvfEdTUO6Q,1,
1_00174,"You can sit and be quite, that's fine. I don't wanna hear your language.",https://www.youtube.com/watch?v=dF41XxbFbr8&list=RDKHx21vr624Y&index=3,1,
1_00175,"you fucking jews, can't get your game down when you are done",https://www.youtube.com/watch?v=6tb_PiHTwAY&list=RDKHx21vr624Y&index=6,1,
1_00176,"Oh man, what genius put the retard in a express line",https://www.youtube.com/watch?v=B2rNcs27Dpg&list=RDKHx21vr624Y&index=14,1,
1_00177,"This might take a while, we are in retarted line. Oh I don't think so. Look how slow he is going",https://www.youtube.com/watch?v=B2rNcs27Dpg&list=RDKHx21vr624Y&index=14,1,
1_00178,"Honey, I hope you are not in a rush, because this is the retarted lane.",https://www.youtube.com/watch?v=B2rNcs27Dpg&list=RDKHx21vr624Y&index=14,1,
1_00179,"I want to be served by an american. Did I do anything wrong. Yeah, being in this country, taking jobs from real americans, yeah. You should be ashamed of yourself",https://www.youtube.com/watch?v=KAuecX_971A,1,
1_00180,You don't think that job should belong to a natural born american,https://www.youtube.com/watch?v=KAuecX_971A,1,
1_00181,"he doesn't look american, he doesn't look like us",https://www.youtube.com/watch?v=KAuecX_971A,1,
1_00182,"ok, here's the demand, your kind are taking jobs from americans and I feel like if I let you serve me I am supporting that. Did i do anything wrong, kind of yeah, we are building a wall to keep your kind out",https://www.youtube.com/watch?v=KAuecX_971A,1,
1_00183,Why would she wear those yoga pants. I think somebody who looks like that would wanna cover up and hide as much as possible,https://www.youtube.com/watch?v=Y2qWytOjV84,1,
1_00184,Yoga pants aren't for everyone and you are proof of that. You are just so skinny,https://www.youtube.com/watch?v=Y2qWytOjV84,1,
1_00185,You adopted a black baby on purpose. Yes. Are you one of these white women who are trying to rescue all the balck babies,https://www.youtube.com/watch?v=qm1Pd7bctaU,1,
1_00186,What are you one of those white women trying to save all the black babies.,https://www.youtube.com/watch?v=qm1Pd7bctaU,1,
1_00187,"I mean, you had an option, you didn't have to get a black child. I guess not, no. Trying to rescue the black babies.",https://www.youtube.com/watch?v=qm1Pd7bctaU,1,
1_00188,"People with down syndrome have a guardian; where is your guardian? I am trying to enjoy my night. Well you are slowing everything down, these people haven't recieved there order, these people haven't recieved.",https://www.youtube.com/watch?v=tHEwEvAXxos,1,
1_00189,Why are you defending a retarded kid?,https://www.youtube.com/watch?v=tHEwEvAXxos,1,
1_00190,I didn't even know that people with down syndrome could even go out by themselves,https://www.youtube.com/watch?v=tHEwEvAXxos,1,
1_00191,This is gonna take all day with somebody like him. He's obviously mentally challenged,https://www.youtube.com/watch?v=tHEwEvAXxos,1,
1_00192,I didn't even know mexicans were that smart,https://www.youtube.com/watch?v=Dq9EIDmB3M4,1,
1_00193,Shut up. Speaking in chinese in front of me. Shut up. You are rude. Speak english in Canada. Who I do complain about this. Shut up.,https://www.youtube.com/watch?v=hmyrBMCb7jw,1,
1_00194,"The way I used to talk to the jews in Boca. They hated me because I was a server. I just didn't care, and they complained and bitched about everything.",https://www.youtube.com/watch?v=Dq9EIDmB3M4,1,
1_00195,"Cause you are dumb, and you are a stupid, blue, asian haired girl.",https://www.youtube.com/watch?v=c_dlKnhY1D8,1,
1_00196,"But you are not black. Remember, we only kill black people Yeah, we only kill black people right?",https://www.youtube.com/watch?v=DQq4okYH45I,1,
1_00197,Why? Cause he is a bitch ass niggar.,https://www.youtube.com/watch?v=F5DE7KS2VI0,1,
1_00198,You stupid niggar bitch. Who the fuck you calling a niggar? You mutherfucker,https://www.youtube.com/watch?v=q3viJie6rIc,1,
1_00199,"See what fucking happens, you god damn nigger",https://www.youtube.com/watch?v=q3viJie6rIc,1,
1_00200,"God you are ugly, no wonder why people hate you. Israelis rule, because you guys are ugly.",https://www.youtube.com/watch?v=kvZrBrxnav4,1,
1_00201,"What country are you from. Who are you. I am gonna call the police. You don't run into people, I am a citizen here, you are not. You are an ugly fucking foreigner, so fuck you.",https://www.youtube.com/watch?v=y3jXyq6B2i4,1,
1_00202,"If they have the balls to come here and live of off my money, I pay for their well fare, I pay for their ability to be here. So the least they could do, the least they could do, is speak english.",https://www.youtube.com/watch?v=yD6ltHh0n9g,1,
1_00203,Sorry i know that's probably not funny for any mildly autistic people in the audience and then again nothing is,https://www.youtube.com/watch?v=ZZb_POyXd1Q,1,
1_00204,it's a gay microphone called mohammed and all it wants to do is roll a Quran up and fuck itself up the ass,https://www.youtube.com/watch?v=ZZb_POyXd1Q,1,
1_00205,I personally think global warning is a myth like world war two and women's rights,https://www.youtube.com/watch?v=ZZb_POyXd1Q,1,
1_00206,"People say dolphins are really intelligent, I think yeah, but only compared to the retarded kids we've got them swimming with",https://www.youtube.com/watch?v=ZZb_POyXd1Q,1,
1_00207,"On the subject of abortions, a lot of people support a women's right to choose but I think if I am paying for it. I am joking, I never pay.",https://www.youtube.com/watch?v=ZZb_POyXd1Q,1,
1_00208,"How do you get a hundred jews into a mini van, one in the driving seart, ninety nine in the ash tray,",https://www.youtube.com/watch?v=j5amrixqlQ8,1,
1_00209,"They say, there is safety in numbers. Yeah, tell that to six million jews",https://www.youtube.com/watch?v=ZZb_POyXd1Q,1,
1_00210,"If only africa had more mosquito nets, then every year we could save millions of mosquitos from dying needlessly of AIDS.",https://www.youtube.com/watch?v=YfLD8ETxYOw,1,
1_00211,"There's no physical ramifications for being an asshole when you are a women. Do you know how much of a dick I would be, if it was socially unacceptable to kick the shit out of me.",https://www.youtube.com/watch?v=YfLD8ETxYOw,1,
1_00212,I called you a nigger. You are a nigger. A nasty fucking nigger.,https://www.youtube.com/watch?v=Zyc7NBflLdI,1,
1_00213,"Becuase I called him a racist, because he is a racist ignorant nigger.",https://www.youtube.com/watch?v=Zyc7NBflLdI,1,
1_00214,I have this nightmare that i go to hollywood and find out that Mr. T is a faggot,https://www.youtube.com/watch?v=_nFaR557WWk,1,
1_00215,School books for children to teach them gay life styles. I am gonna have to draw the line here folks and say this is absolutely disgusting. It is grotesque and evil.,https://www.youtube.com/watch?v=_nFaR557WWk,1,
1_00216,"like a lot of christians wear crosses around their necks, nice sentiment, but do you think when jesus comes back, he's really gonna want to look at a cross",https://www.youtube.com/watch?v=_nFaR557WWk,1,
1_00217,"What a fucking nigger. Jesus, Oh my god. What the fuck. Sorry, but what the fuck. What a fucking ass hole.",https://www.youtube.com/watch?v=czC6YZajaQg,1,
1_00218,You know you are a stupid nigger right. You fucking nigger.,https://www.youtube.com/watch?v=czC6YZajaQg,1,
1_00219,Shut up you fucking nigger bitch. Slut.,https://www.youtube.com/watch?v=czC6YZajaQg,1,
1_00220,"She's a fucking nigger. You're a nigger, you fucking ugly ass bitch.",https://www.youtube.com/watch?v=czC6YZajaQg,1,
1_00221,I wish they didn't let you in the country Obama's not in office anymore we don't have a muslim in there anymore,https://www.youtube.com/watch?v=sEC-74ETXmY,1,
1_00222,you see that's why we don't fucking like you people cause you're fucking rude you come to england and you have no manners go back to your fucking country where they are bombing every day,https://www.youtube.com/watch?v=e1sTGsMFMBw,1,
1_00223,"Joey's just a grown man, obese, with a micky mouse hat and fucking jizz all over his shirt.",Self Record,1,
1_00224,"Shit, this is gross. Why are you expressing yourself like a fucking retard man.",Self Record,1,
1_00225,"Everybody feels like shit every now and then, but not everybody has to open their chest and act like a fucking retard.",Self Record,1,
1_00226,Gay niggas couldn't wait to act like bitched tonight. ,Self Record,1,
1_00227,You are a fucking gay blacklisted hoe.,Self Record,1,
1_00228,"What would all little ugly bald headed bitched do, if they stopped making makeup.",Self Record,1,
1_00229,He looks like a fucking straving african child.,Self Record,1,
1_00230,She's a guy. What? This motherfucker right here has a penis. What?,Self Record,1,
1_00231,"i am not racist, i have black friends",https://twitter.com/TomthunkitsMind/status/1354132092603478018/video/1,1,
1_00232,"I am so not racist, do you guys remember, I dated a black guy. I think he was anyway.",https://twitter.com/TomthunkitsMind/status/1354132092603478018/video/1,1,
1_00233,"I am not racist. But all I am saying is, why do balck people get HPCU's. We don't have white colleges.",https://twitter.com/TomthunkitsMind/status/1354132092603478018/video/1,1,
1_00234,"Guys, I am not racist, but hear me out. Why do black students get minority scholarships, I mean that's reverse racism",https://twitter.com/TomthunkitsMind/status/1354132092603478018/video/1,1,
1_00235,"I am not racist, but I grew up poor too. I mean if I can make it, why can't they.",https://twitter.com/TomthunkitsMind/status/1354132092603478018/video/1,1,
1_00236,"I hat to say this. I end up having this ou know angst every semester, that a lot of my lower ones are blacks.",https://twitter.com/hahmad1996/status/1369786323293310985/video/1,1,
1_00237,"Maternity flight suits, pregnant women are gonna fight our war. Its a mockery of the US military. China's military becomes more masculine, our military needs to become as joe biden says feminine, whatever feminine means anymore.",https://twitter.com/DailyCaller/status/1370118192253833224/video/1,1,
1_00238,"You fucking need to be killed, you mother fucking piece of shit. Whatever the fuck you are, you uranian fucking",https://twitter.com/Saliimthedream/status/1370118134057865224/video/1,1,
1_00239,Why dont we have a six pm curfew for women. The women who are already afraid to go out at night. The six pm should be for fucking you.,https://twitter.com/emsiepoops/status/1370704983436492811/video/1,1,
1_00240,"Given you electricity, gas, I don't see women doing them. Like where is your fucking skill, you have got nothing. Go work your fucking nine am to five pm job.",https://twitter.com/emsiepoops/status/1370704983436492811/video/1,1,
1_00241,"I am not sexist. But you see, I you drop your fathers name to answer the name of your husband, you are bound to be submissive to him.",https://twitter.com/maazi_chinedu/status/1371465436664098816/video/1,1,
1_00242,Why don't you speak english bitch,The Bold Type S1E4,1,
1_00243,"I said, I think your towel head friend here should speak english or go back to where she came from",The Bold Type S1E4,1,
1_00244,Don't touch me you dirty little towel head,The Bold Type S1E4,1,
1_00245,What is wrong with you. Seriously are you retarted. Is there something wrong with your brain,Atypical,1,
1_00246,"The food was terrific, but the flight attendent was a colored homo. I made them pick up dinner rolls with tongs, I can't risk the aids",Two and a half men,1,
1_00247,She is jet lagged and still pretty wound up over having a colored pilot,Two and a half men,1,
1_00248,"You don't have to tell me twice, I am not a polack",Two and a half men,1,
1_00249,"The difference between a sales man and a sales women is, boobs.",The office S2E17,1,
0_00001,"The nineties were characterized by a phenomenon I call bitchification. Any women covered by the news was maligned, objectified, dismissed, often with the owrd bitch",https://twitter.com/nowthisnews/status/1372405652295847937/video/1,0,
0_00002,we have so much to gain from a fresh look or the very least an honest appraisal of the nineties. We must or we risk repeating the mistakes of the past.,https://twitter.com/nowthisnews/status/1372405652295847937/video/1,0,
0_00003,"The stories of nineties women have become sexist mythology. A problematic hsitory, that saps women of their power, just as it was intended to do.",https://twitter.com/nowthisnews/status/1372405652295847937/video/1,0,
0_00004,"We are still experiencing the after shocks. The Clinton impeachement scandal, then covered as the Monica Lewinsky scandal, cast Lewinsky as a blow job queen.",https://twitter.com/nowthisnews/status/1372405652295847937/video/1,0,
0_00005,"During the OJ Simpson trial, lawyer Marcia Clark was framed as an unqualified teenager and a bad mom",https://twitter.com/nowthisnews/status/1372405652295847937/video/1,0,
0_00006,Anita Hill testifies that supreme court nominie Clarence Thomas sexually harrased her. Hill was called a scorned women and a litle bit nutty and a litle bit slutty,https://twitter.com/nowthisnews/status/1372405652295847937/video/1,0,
0_00007,The media revolution of the twenty four hour news cycle focused on these storeis and insatiable audience followed. Women quickly became renetless content.,https://twitter.com/nowthisnews/status/1372405652295847937/video/1,0,
0_00008,"Lorena Bobbitt cut off her husbands penis, after alleged years of rape and abuse. ",https://twitter.com/nowthisnews/status/1372405652295847937/video/1,0,
0_00009,"The press mocked her. Celebrated him and covered her as a perpetrator, not a victim",https://twitter.com/nowthisnews/status/1372405652295847937/video/1,0,
0_00010,History has remembered these women negatively. The medias bitchification didn't treat all women equally.,https://twitter.com/nowthisnews/status/1372405652295847937/video/1,0,
0_00011,"While white women face sexism, black women face racism and sexism.",https://twitter.com/nowthisnews/status/1372405652295847937/video/1,0,
0_00012,"Black women were portrayed as jezebels and sapphires. Hypersexual, angry or threatening, because of their race.",https://twitter.com/nowthisnews/status/1372405652295847937/video/1,0,
0_00013,"The media that bitchified women back then and continue to bitchify women today, must be held accountable.",https://twitter.com/nowthisnews/status/1372405652295847937/video/1,0,
0_00014,This is an ongoing process. Progress is that women more are telling their own stories today.,https://twitter.com/nowthisnews/status/1372405652295847937/video/1,0,
0_00015,A new documentary called Lorena recognizes that she is a survivor of domestic abuse and an immigrant women.,https://twitter.com/nowthisnews/status/1372405652295847937/video/1,0,
0_00016,"A hearting biopic, humanizes her by juxtaposing her accomplishment, with hardship she suffered ",https://twitter.com/nowthisnews/status/1372405652295847937/video/1,0,
0_00017,"Today we are faced with a very differnet media revolution, the social media revolution.",https://twitter.com/nowthisnews/status/1372405652295847937/video/1,0,
0_00018,"Through the lens of metoo and timesup, we can see the harm that media caused. ",https://twitter.com/nowthisnews/status/1372405652295847937/video/1,0,
0_00019,"And while the internet can be a harsh place for women, it is also home to supportive spaces for survivors, viral campaigns to fight injustice.",https://twitter.com/nowthisnews/status/1372405652295847937/video/1,0,
0_00020,"It helps us see, that we are not alone. Others are fighting with us.",https://twitter.com/nowthisnews/status/1372405652295847937/video/1,0,
0_00021,Recent laws passed by the indian parliament are set to irrevocably damage indian democracy and constitutional framework.,https://twitter.com/BDSmovement/status/1370133682153955329/video/1,0,
0_00022,Government revoked the autonomy of provinces of Jammu and Kashmir. Phone and internet are cut off this instance. Key political leaders are detained.,https://twitter.com/BDSmovement/status/1370133682153955329/video/1,0,
0_00023,This paves the way for hindu indian settlements in kashmir to change the demographic set up of the region,https://twitter.com/BDSmovement/status/1370133682153955329/video/1,0,
0_00024,"Since its inception, Israel has used jewish only settlements, to supplant local palestinian commuinities that are being expelled from their land.",https://twitter.com/BDSmovement/status/1370133682153955329/video/1,0,
0_00025,Indias new citizenship law grants minorities form neighbouring countries citizenship as long as they are not muslims,https://twitter.com/BDSmovement/status/1370133682153955329/video/1,0,
0_00026,"The law of return, a central pillar of Israel's apartheid regime grants only jew citizenship, but bars even palestinian refugees right to return.",https://twitter.com/BDSmovement/status/1370133682153955329/video/1,0,
0_00027,"Agriculture, universities and bollywood have become testing grounds and propoganda spaces",https://twitter.com/BDSmovement/status/1370133682153955329/video/1,0,
0_00028,"Our opressors are connected, but our movements united can defeat them.",https://twitter.com/BDSmovement/status/1370133682153955329/video/1,0,
0_00029,"The white british population has decreased by six hundered thousand. While the minority population has increased by one twenty million. Yes lads, we are winning. ",https://twitter.com/BanTheBBC/status/1274637291240206338/video/1,0,
0_00030,"Will the minister today, stand up in this place and rule out extending the cashless welfare card.",https://twitter.com/petajan/status/1336081952164593664/video/1,0,
0_00031,"Sadly those numbers are likely to go up, before they come down.",https://twitter.com/petajan/status/1336081952164593664/video/1,0,
0_00032,"Some will start to think like there is a double standards in this country, where law enforcement is concerned. ",https://twitter.com/traecrowder/status/1347303006413357057/video/1,0,
0_00033,"Yea, if you are a black man, you better stay out of trouble and keep your goddamn hands outside of your pocket. You are basically begging to get shot in public. But if you are indiana nick bear drapped in a snake flag and some ninji star from the mall. Yeah, welcome to congress sir.",https://twitter.com/traecrowder/status/1347303006413357057/video/1,0,
0_00034,"Not that anyone was surprised about that of course. Least of all the insurgence. You can just tell, they has every expectation of showing up, doing whatever the hell they wanted. Complete entitlement.",https://twitter.com/traecrowder/status/1347303006413357057/video/1,0,
0_00035,I hope elizabeth realizes that it could have been a lot worst. Another women got shot in the neck and died.,https://twitter.com/traecrowder/status/1347303006413357057/video/1,0,
0_00036,"Not that trump was absent from all this though, of course not. He started the fire to begin with. He refused to call the national gaurd. He even went so far to tell these idiots, he quote loves them and thinks they are very special",https://twitter.com/traecrowder/status/1347303006413357057/video/1,0,
0_00037,"I hope that message from daddy is enough to sustain them, because they didn't accomplish shit else yesterday.",https://twitter.com/traecrowder/status/1347303006413357057/video/1,0,
0_00038,"Yea that's the one constant source of reassurance we have. They are dogged devotion to being completely, utterly incompetent.",https://twitter.com/traecrowder/status/1347303006413357057/video/1,0,
0_00039,"They were in a goddam capitol building for three hours and all they got to show for it is a body cam on their side and some proof of felony selfies. It was a classic, dog catches car moment. They had no fucking clue what to do with it.",https://twitter.com/traecrowder/status/1347303006413357057/video/1,0,
0_00040,"I don't know, I didn't expect to get this far. Did you expect to get this far. I don't know, show that old pine your dick or something. I don't know. They had no plan, they had no organisation, they don't even know what the fuck they want.",https://twitter.com/traecrowder/status/1347303006413357057/video/1,0,
0_00041,"So what's the biggest thrill of your career so far. The gay community. Oh well, why? Because I love them so much, because they don't ask me questions like that.",https://twitter.com/gagadaily/status/1350842217838030849/video/1,0,
0_00042,"They love sexual strong women, who speak their mind. ",https://twitter.com/gagadaily/status/1350842217838030849/video/1,0,
0_00043,"You see, if I was a guy and I was sitting here with a cigarette in my hand, grabbing my crotch and talking about how I make music, because I love fast cars and fucking girls. You would call me rockstar.",https://twitter.com/gagadaily/status/1350842217838030849/video/1,0,
0_00044,"When I do it in my music and in my videos, because I am a female, because I am in pop music. You are judgemental and you say that it is distracting.",https://twitter.com/gagadaily/status/1350842217838030849/video/1,0,
0_00045,Republican congress women Margery Taylor Green helped inside the violent insurrection of the capital that left five people dead. ,https://twitter.com/ReallyAmerican1/status/1354950611813289985/video/1,0,
0_00046,"Calling a quote, seventeen seventy six moment before the attack and instead of apologizing, she doubled down and defeclted. ",https://twitter.com/ReallyAmerican1/status/1354950611813289985/video/1,0,
0_00047,"Democrats are on record supporting violence, when it serves their cause.",https://twitter.com/ReallyAmerican1/status/1354950611813289985/video/1,0,
0_00048,"In december three other extremist law makers met with trump at the white house, to discuss their plans to undermine the peaceful transition of power.",https://twitter.com/ReallyAmerican1/status/1354950611813289985/video/1,0,
0_00049,"Even though Biden just became president, they had already drafted articles of impeachement against him before he took office.",https://twitter.com/ReallyAmerican1/status/1354950611813289985/video/1,0,
0_00050,"In addition to promoting Trumps baseless lies about the election, Green is also a believer in the Qanon conspiracy theory. Which has inspired away racist violence across the country.",https://twitter.com/ReallyAmerican1/status/1354950611813289985/video/1,0,
0_00051,"She has even stated that the Parker school shooting, which killed seveteen students, teachers and staff was fake.",https://twitter.com/ReallyAmerican1/status/1354950611813289985/video/1,0,
0_00052,Margery Taylor Green is too extreme for congress. It's time to expel her from office and investigate for sedition.,https://twitter.com/ReallyAmerican1/status/1354950611813289985/video/1,0,
0_00053,"In less than two minutes, we are gonna teach you about the racist history of so called right to work. What it is, where it exists and how we can defeat it.",https://twitter.com/JobsMoveAmerica/status/1370089387808161798/video/1,0,
0_00054,It's primary purpose is to destroy labour union and the freedom of collective bargaining.,https://twitter.com/JobsMoveAmerica/status/1370089387808161798/video/1,0,
0_00055,Dividing workers by race has been essential to thwarting labour organizing efforts since the days of slavery.,https://twitter.com/JobsMoveAmerica/status/1370089387808161798/video/1,0,
0_00056,"The biggest proponent of the right to work was an anti semitic, white supremacist, corporate lobbyist, named vance muse.",https://twitter.com/JobsMoveAmerica/status/1370089387808161798/video/1,0,
0_00057,"Mr. Muse was terrified, labour organizers in the south might get balck and white workers to join the same unions.",https://twitter.com/JobsMoveAmerica/status/1370089387808161798/video/1,0,
0_00058,A number of states have gone so far as to even make it right to work a part of their state constitution. ,https://twitter.com/JobsMoveAmerica/status/1370089387808161798/video/1,0,
0_00059,"Where ever these laws exist, wages are lower, benefits for workers are worse, job-site safety and worker protections are poor and workers freedom is nearly not existent.",https://twitter.com/JobsMoveAmerica/status/1370089387808161798/video/1,0,
0_00060,"In our glorious fight for civil rights, we must guard against being pulled by false slogans such as right to work.",https://twitter.com/JobsMoveAmerica/status/1370089387808161798/video/1,0,
0_00061,"But we can do more than just play defence. We can and must go on the offensive. By passing the passing the PRO act for example, we could overwrite right to work laws all across the country.",https://twitter.com/JobsMoveAmerica/status/1370089387808161798/video/1,0,
0_00062,"Right to work was racist in its origins and it attacks on public sector unions, which are strongly represented by workers of color remain fundamentally racist.",https://twitter.com/JobsMoveAmerica/status/1370089387808161798/video/1,0,
0_00063,"Let's put right to work into the dustbin of history, where it belongs, once and for all",https://twitter.com/JobsMoveAmerica/status/1370089387808161798/video/1,0,
0_00064,"Hi you all, so the opera interviewed harry and Meghan, and now the internet has gotten a little off weather heady about the British monarchy, pretty wild.",https://twitter.com/traecrowder/status/1369025695662284800/video/1,0,
0_00065,"first of all look, I don't know nothing about these but everything I know about these people, I learnt from watching Netflix on weed .",https://twitter.com/traecrowder/status/1369025695662284800/video/1,0,
0_00066,"Ok, which I probably wouldn't have done if I had understood that it was based on reality when my wife started the show.",https://twitter.com/traecrowder/status/1369025695662284800/video/1,0,
0_00067,"My way through the first episode and I am looking at her like, so there ain't, there ain't no dragons in this or nothing.",https://twitter.com/traecrowder/status/1369025695662284800/video/1,0,
0_00068,"I love British stuff, the people, the accent, the cat shows and all that but I never mess with the monarchies.",https://twitter.com/traecrowder/status/1369025695662284800/video/1,0,
0_00069,I mean they are equivalent of congress is called the house of lords and the house of commons. ,https://twitter.com/traecrowder/status/1369025695662284800/video/1,0,
0_00070,"They might as well call it fencing house in a tank chamber, its wild and everybody just goes with it.",https://twitter.com/traecrowder/status/1369025695662284800/video/1,0,
0_00071,"They still got earls and dukes and stuff, and we got earls and dukes over here but its good old boys and mayonnaise brands. ",https://twitter.com/traecrowder/status/1369025695662284800/video/1,0,
0_00072,"I don't understand where these posh motherfuckers get off some times you all, cause if you ask me, the British aristocracy has some serious white trash red neck tendencies. ",https://twitter.com/traecrowder/status/1369025695662284800/video/1,0,
0_00073,"All the negative stereotypes about my people are true about them, think about it, they got shitty teeth, they are always fucking their cousins, they don't want people up in their business.",https://twitter.com/traecrowder/status/1369025695662284800/video/1,0,
0_00074,"You can never tell they got a dam job or not, they don't like friends shit, they love standing in fields and shooting at birds and stuff.",https://twitter.com/traecrowder/status/1369025695662284800/video/1,0,
0_00075,"Look, I am obviously kidding around but seriously fuck these people, at this point the queen is just a little old lady, who is real good at looking precious while holding a tiny purse in a picture.",https://twitter.com/traecrowder/status/1369025695662284800/video/1,0,
0_00076,"But, if any institution on planet earth has out lived its usefulness, its the British monarchy.",https://twitter.com/traecrowder/status/1369025695662284800/video/1,0,
0_00077,"No matter what, I will always have nothing but love for the UK and its people.",https://twitter.com/traecrowder/status/1369025695662284800/video/1,0,
0_00078,"I have been very privileged to meet, met a number of the members of the royal family and I would set straight out, they are absolutely not racist.",https://twitter.com/Femi_Sorry/status/1370163826340081672/video/1,0,
0_00079,there is absolutely no doubt in my mind that our royal family is not racist.,https://twitter.com/Femi_Sorry/status/1370163826340081672/video/1,0,
0_00080,"Sunday night, where four young men from the saint community were celebrating that they got a new car and then it was smashed.",https://twitter.com/ChMSarwar/status/1370062720893063171/video/1,0,
0_00081,Then we stopped on the street and it was smashed.,https://twitter.com/ChMSarwar/status/1370062720893063171/video/1,0,
0_00082,I have not seen a single report of a violent act coming from any other part of the political spectrum from the Indian community.,https://twitter.com/ChMSarwar/status/1370062720893063171/video/1,0,
0_00083,"The extremist right wing Hindu nationalists part of the community, have you got any other incidents you can report.",https://twitter.com/ChMSarwar/status/1370062720893063171/video/1,0,
0_00084,Sometimes being the champion of harmony in the community involves naming and calling out extremist elements that are tearing down that harmony in the community.,https://twitter.com/ChMSarwar/status/1370062720893063171/video/1,0,
0_00085,"General platitudes may not be the best response if the violence and aggression is coming from a known source minister, do you accept that?",https://twitter.com/ChMSarwar/status/1370062720893063171/video/1,0,
0_00086,"One far right, Hindu extremist organization called Vishwa Hindu parshad, which is designated as a militant extremist religious organization in the CIA.",https://twitter.com/ChMSarwar/status/1370062720893063171/video/1,0,
0_00087,And I appreciate that it needs to be steps working across the community and I am not pushing back what you are putting to me.,https://twitter.com/ChMSarwar/status/1370062720893063171/video/1,0,
0_00088,She has met the Queen and she has met prince Charles as I have and in her opinion they are not racist people and I feel the same way.,https://twitter.com/ukiswitheu/status/1370155009644564488/video/1,0,
0_00089,"But she said, what we have to look at, the royal family is not just a bunch of people, they are the royal house hold.",https://twitter.com/ukiswitheu/status/1370155009644564488/video/1,0,
0_00090,"There is the network that surround them, that keeps them going, that props them up, that tells them you go here you go there and maybe that needs a clear out.",https://twitter.com/ukiswitheu/status/1370155009644564488/video/1,0,
0_00091,"Its a whole lot of people, and maybe we need to look at that or that needs to be looked at a lot deeper and that's what I would suggest.",https://twitter.com/ukiswitheu/status/1370155009644564488/video/1,0,
0_00092,"I honestly don't understand what is going on in America, I truly don't.",https://twitter.com/JenniferKabbany/status/1369873434671390721/video/1,0,
0_00093,"We have headline after headline after headline, progressive scholars calling for the dumming down of education.",https://twitter.com/JenniferKabbany/status/1369873434671390721/video/1,0,
0_00094,"Students shouldn't be told to strive for the right answer in math, because that's white supremacist.

",https://twitter.com/JenniferKabbany/status/1369873434671390721/video/1,0,
0_00095,Students shouldn't  be told that they got the answer wrong  because that's a toxic environment,https://twitter.com/JenniferKabbany/status/1369873434671390721/video/1,0,
0_00096,"In English class, you know, students shouldn't be marked down for improper spelling and grammar and punctuations because its mean and cruel and it comes from these white supremacist places.",https://twitter.com/JenniferKabbany/status/1369873434671390721/video/1,0,
0_00097,"I truly don't understand, because how are we gonna get to mars, how are we gonna cure cancer, how are we gonna discover new technologies.",https://twitter.com/JenniferKabbany/status/1369873434671390721/video/1,0,
0_00098,"When we are telling our kids, don't learn how to spell and don't worry about math because its racist, like we have got things really backwards in this country right now.",https://twitter.com/JenniferKabbany/status/1369873434671390721/video/1,0,
0_00099,"This anti racism clap chap that's being pressed that, you know that grading is racist and just gives credit for your hard work.",https://twitter.com/JenniferKabbany/status/1369873434671390721/video/1,0,
0_00100,"That's actually racist in itself, because what it's telling students of color is that you can't, you can't do this work. ",https://twitter.com/JenniferKabbany/status/1369873434671390721/video/1,0,
0_00101,"You are capable of doing this work, we have to go easy on you, they are actually setting the bar lower for these kids, instead of calling them to greatness, that's what America has become.",https://twitter.com/JenniferKabbany/status/1369873434671390721/video/1,0,
0_00102,And I say that anti racist education is actually racist.,https://twitter.com/JenniferKabbany/status/1369873434671390721/video/1,0,
0_00103,"If you have missed any of these stories, please check them out at the collegefix dot com.",https://twitter.com/JenniferKabbany/status/1369873434671390721/video/1,0,
0_00104,"Stopping hate crimes, means we need to come together.",https://twitter.com/shanlonwu/status/1370182760804024321/video/1,0,
0_00105,"Its an old trick, to try to pit people of color against each other or minority groups against each other or recent immigrants against each other.",https://twitter.com/shanlonwu/status/1370182760804024321/video/1,0,
0_00106,So we have to be really careful about the vice of influences that happen.,https://twitter.com/shanlonwu/status/1370182760804024321/video/1,0,
0_00107,"We have seen that in this country, we saw that a long time ago with Jewish people being pitted against the more newer immigrants, the Italian people",https://twitter.com/shanlonwu/status/1370182760804024321/video/1,0,
0_00108,"That's not the answer and that's a trick, we need to be on guard against that.",https://twitter.com/shanlonwu/status/1370182760804024321/video/1,0,
0_00109,"It's not about who to blame, its about blaming and calling out hate wherever we may see it, holding it accountable.",https://twitter.com/shanlonwu/status/1370182760804024321/video/1,0,
0_00110,"That's what the solution is, unity not divisiveness.",https://twitter.com/shanlonwu/status/1370182760804024321/video/1,0,
0_00111,There is no way that the monarchy cannot be institutionally racist because the institution is built upon the opression of black and brown people.,https://twitter.com/ml_1maria/status/1369657123047628809/video/1,0,
0_00112,The greats that we see in Britain would not exist if it were not for other countries being made not so great.,https://twitter.com/ml_1maria/status/1369657123047628809/video/1,0,
0_00113,And those countries are still trying to claw their way back to some kind of economical and integrity now.,https://twitter.com/ml_1maria/status/1369657123047628809/video/1,0,
0_00114,"You know, I look at the very real history of the monarchies colonial representation and the present day impact that its having on us.",https://twitter.com/ml_1maria/status/1369657123047628809/video/1,0,
0_00115,We still have something called  the common wealth.,https://twitter.com/ml_1maria/status/1369657123047628809/video/1,0,
0_00116,"What is common about the wealth, when its only kept by a particular country and a particular family.",https://twitter.com/ml_1maria/status/1369657123047628809/video/1,0,
0_00117,It makes no sense whatsoever.,https://twitter.com/ml_1maria/status/1369657123047628809/video/1,0,
0_00118,We are still seeing the impacts of colonialism in this very day.,https://twitter.com/ml_1maria/status/1369657123047628809/video/1,0,
0_00119,"Corporations are still very much, you know, keeping their claws into the country of Nigeria and the continent of Africa. ",https://twitter.com/ml_1maria/status/1369657123047628809/video/1,0,
0_00120,"We can still see that the monarchy hasn't gone any where, colonialism hasn't really gone anywhere.",https://twitter.com/ml_1maria/status/1369657123047628809/video/1,0,
0_00121,"So, by design, the monarchy can't claim to not be institutionally racist when that is what actually gave that its relevance.",https://twitter.com/ml_1maria/status/1369657123047628809/video/1,0,
0_00122,"I want to start by expressing my deepest sympathies, to Sarah abrades families and friends.",https://twitter.com/Keir_Starmer/status/1370056623868293120/video/1,0,
0_00123,You will be experiencing unspeakable grief this morning.,https://twitter.com/Keir_Starmer/status/1370056623868293120/video/1,0,
0_00124,This is awful news and its shaken all of us.,https://twitter.com/Keir_Starmer/status/1370056623868293120/video/1,0,
0_00125,"I would like to say these incidents are rare, but the truth is that violence against women and girls is far too common.",https://twitter.com/Keir_Starmer/status/1370056623868293120/video/1,0,
0_00126,"No women, should walk home with fear or threat.",https://twitter.com/Keir_Starmer/status/1370056623868293120/video/1,0,
0_00127,Its only by recognizing the scale of violence intimidation and misogyny that women and girls suffer on a daily basis.,https://twitter.com/Keir_Starmer/status/1370056623868293120/video/1,0,
0_00128,"Sometimes we kind of get stuck with our initial way of thinking and strategies and things that are working, at some point they often don't work any more.",https://twitter.com/Cloudberry_Oslo/status/1368923053468573697/video/1,0,
0_00129,"You have to do the best you can to find groups like this, to come together and support each other.",https://twitter.com/Cloudberry_Oslo/status/1368923053468573697/video/1,0,
0_00130,"It's so much about you, and how you are. Talking to yourself, this is a personal transformation when you are an entrepreneur. ",https://twitter.com/Cloudberry_Oslo/status/1368923053468573697/video/1,0,
0_00131,But I can't do today's show without saying what I am about to say.,https://twitter.com/ben_cajee/status/1370653960038649857/video/1,0,
0_00132,"A lot of you will have seen me speak about issues of kindness, tolerance and equality, last year on CBB's and on other platforms.",https://twitter.com/ben_cajee/status/1370653960038649857/video/1,0,
0_00133,There was obviously a slant towards race and ethnicity and I spoke honestly about my own lived experience.,https://twitter.com/ben_cajee/status/1370653960038649857/video/1,0,
0_00134,"I can't give it a big one about people standing up, using their voice and being silent or being complicit on issues of racial discrimination.",https://twitter.com/ben_cajee/status/1370653960038649857/video/1,0,
0_00135,"Some of the sexist misogynistic behavior that we witnessed this week, particularly on social media.  ",https://twitter.com/ben_cajee/status/1370653960038649857/video/1,0,
0_00136,"And I am seeing these things first timed in the past, in the streets, on public transport, at school, at work and in media.",https://twitter.com/ben_cajee/status/1370653960038649857/video/1,0,
0_00137,"It was international women's day on Monday and its mothers day tomorrow, So I need to say this for women everywhere and for the women that I have loved throughout my life.",https://twitter.com/ben_cajee/status/1370653960038649857/video/1,0,
0_00138,"My mum, my grandmother's, my sister, my friends, ex-girlfriends, teacher's and colleagues.",https://twitter.com/ben_cajee/status/1370653960038649857/video/1,0,
0_00139,"I believe in a world where our children are respected, no matter what their sex, their gender, class, ethnicity, sexual orientation.",https://twitter.com/ben_cajee/status/1370653960038649857/video/1,0,
0_00140,"And, I believe in a  world where we are all valued, we are equal and above all we are safe.",https://twitter.com/ben_cajee/status/1370653960038649857/video/1,0,
0_00141,"We need to educate ourselves, we need to use our voices and we need to listen and we really really need to do better.",https://twitter.com/ben_cajee/status/1370653960038649857/video/1,0,
0_00142,"Do you think that in politics, for a women to reach a leadership role is very very difficult and its a huge challenge?",https://twitter.com/IndiaToday/status/1370614361123786752/video/1,0,
0_00143,"Essentially my question is, do you feel, your male politicians have a problem taking commands from a women leader.",https://twitter.com/IndiaToday/status/1370614361123786752/video/1,0,
0_00144,"But I think, at the end of the day, its, things are changing, I mean compared to how things were in the past.",https://twitter.com/IndiaToday/status/1370614361123786752/video/1,0,
0_00145,"Why is that, representation of women is twele percent in the parliament, in my own state which is about four percent.",https://twitter.com/IndiaToday/status/1370614361123786752/video/1,0,
0_00146,"I am not sure how much over here in Tamil Nadu, but that's definitely not, not even ten percent.",https://twitter.com/IndiaToday/status/1370614361123786752/video/1,0,
0_00147,"I think that there has to be a representation, and I think as in when that happens, I think things will change.",https://twitter.com/IndiaToday/status/1370614361123786752/video/1,0,
0_00148,"In fact, I happen to be the only female MLA in my own city, and we are just like ten out of two hundered and twety five.",https://twitter.com/IndiaToday/status/1370614361123786752/video/1,0,
0_00149,"There is always the question about reservation, why is nothing is being done to ensure reservation in parliament.",https://twitter.com/IndiaToday/status/1370614361123786752/video/1,0,
0_00150,"This is a subject that's been  brought up in nineteen ninety six, we are still talking about it.",https://twitter.com/IndiaToday/status/1370614361123786752/video/1,0,
0_00151,"I don't have to mention that you know all our representatives here are from different political parties, I saw how all of you stood here hugged each other, so I know you all have that close bond.",https://twitter.com/IndiaToday/status/1370614361123786752/video/1,0,
0_00152,"Beyond the politics, why is it that we are so hesitant on going ahead and ensuring the most basic step of reservation.",https://twitter.com/IndiaToday/status/1370614361123786752/video/1,0,
0_00153,"See, reservation is a birth right. Its not that something which needs to be given on a platter to us from men.",https://twitter.com/IndiaToday/status/1370614361123786752/video/1,0,
0_00154,"In fact we all need to have fifty reservation, that's our birth right. ",https://twitter.com/IndiaToday/status/1370614361123786752/video/1,0,
0_00155,"Upcoming, underdeveloped country has much more higher rate of women parliamentarians.",https://twitter.com/IndiaToday/status/1370614361123786752/video/1,0,
0_00156,"And, statistics are on the rise showing that the under developed countries are concentrating more on bringing women representation in the decision making chairs.",https://twitter.com/IndiaToday/status/1370614361123786752/video/1,0,
0_00157,"It was passed in the Rajya Sabha, and it was faced with much stiff resistance in the Lok Sabha and you must have all witnessed the scenario, how it was, even some member tore the paper also.",https://twitter.com/IndiaToday/status/1370614361123786752/video/1,0,
0_00158,"How does a man think like that, why does he think that it is something we need to give a women, when it is our birth right.",https://twitter.com/IndiaToday/status/1370614361123786752/video/1,0,
0_00159,"So joining me now, one of the incredible women who put her life at risk to protect this country and that is Major M J Hegar. ",https://twitter.com/CNNTonight/status/1370237412492906496/video/1,0,
0_00160,"Thank you so much major, I really appreciate you joining us to see me and thank you for your service. So you are a women and a veteran, what was going through your mind when you heard those comments.",https://twitter.com/CNNTonight/status/1370237412492906496/video/1,0,
0_00161,"Yeah its difficult, a couple things went through my mind one, clearly he has never served, you know I was involved with the fight to open ground combat jobs to women.",https://twitter.com/CNNTonight/status/1370237412492906496/video/1,0,
0_00162,"And we found a lot of times, then in my own combat experience I found that, the people who were the loudest against it were the people who have never served in combat. ",https://twitter.com/CNNTonight/status/1370237412492906496/video/1,0,
0_00163,"I would say that, those who have experience, you know with the bullets flying and really in the mix, don't care what color you are, what gender you are, who you love, what your politics are.",https://twitter.com/CNNTonight/status/1370237412492906496/video/1,0,
0_00164,"Competence is everything, can this person cover my six, that's all we care about.",https://twitter.com/CNNTonight/status/1370237412492906496/video/1,0,
0_00165,"By the way we don't send, you know 8-9 months pregnant women into combat anyway, the flight suits are because people are serving in a job and the flight suit is a indicator of that job.",https://twitter.com/CNNTonight/status/1370237412492906496/video/1,0,
0_00166,Its also something that you earn through going through pilot training and that type of thing.,https://twitter.com/CNNTonight/status/1370237412492906496/video/1,0,
0_00167,"What we find is these people who see these women doing these job and are threatened by it and think, gosh I couldn't do that, they feel the need to hold us down and pull us down.",https://twitter.com/CNNTonight/status/1370237412492906496/video/1,0,
0_00168,"But luckily we have so many women, men and women, but we do have women standing bravely on the front line and support roles, keeping us safe and I sleep better at night knowing that.",https://twitter.com/CNNTonight/status/1370237412492906496/video/1,0,
0_00169,"Yeah, I knew a lot of men, civilian men and women who support you as well, we just want you to know that.",https://twitter.com/CNNTonight/status/1370237412492906496/video/1,0,
0_00170,So listen he offered no apology tonight Major and said he is accusing the pentagon of a PRF against him. ,https://twitter.com/CNNTonight/status/1370237412492906496/video/1,0,
0_00171,"When the reality is, he was called out for his sexist remarks by soldiers in top brass, now he is playing the victim.",https://twitter.com/CNNTonight/status/1370237412492906496/video/1,0,
0_00172,"Yeah, its funny right. We can't say culture is always bad until they do it to us.",https://twitter.com/CNNTonight/status/1370237412492906496/video/1,0,
0_00173,"You know, something that's extraordinary to me, and is actually really inspiring to me is, is that its pretty rare for top brass to make their opinions vocal.",https://twitter.com/CNNTonight/status/1370237412492906496/video/1,0,
0_00174,"A lot of times you know, in the military we are raised to believe that you know either you don't have opinions or you keep them to yourself, you certainly don't get involved in anything that looks political.",https://twitter.com/CNNTonight/status/1370237412492906496/video/1,0,
0_00175,"So I'm very heartened, I don't think that this was spontaneous you know, support from senior leaders, I think it was an organized you know, people got the ok to go ahead and make their voices heard.",https://twitter.com/CNNTonight/status/1370237412492906496/video/1,0,
0_00176,"I mean that says something to me, about the future of our military, the direction we are going, the fact that we are taking things serious. We have a serious culture problem in the military. ",https://twitter.com/CNNTonight/status/1370237412492906496/video/1,0,
0_00177,"We have sexual harassment, sexual assault, and we are not gonna fix those things until the top brass are freed up to express these types of opinions and show support.",https://twitter.com/CNNTonight/status/1370237412492906496/video/1,0,
0_00178,"And really draw line in the sand and lets make no mistake, these are the values of our military. We value a strong military, it is a military effectiveness issue to be able to employee all assets in the best ways that we can.",https://twitter.com/CNNTonight/status/1370237412492906496/video/1,0,
0_00179,"You know, women used to have to leave the military when they became pregnant. ",https://twitter.com/CNNTonight/status/1370237412492906496/video/1,0,
0_00180,"Explain why maternity uniforms or flight suits you said, they are so important because its a, it represents the job you are doing but explain to us why they are so important. ",https://twitter.com/CNNTonight/status/1370237412492906496/video/1,0,
0_00181,"Yeah you know what, I have also find it hypocritical is that women used to be criticized for leaving the military when they got pregnant.",https://twitter.com/CNNTonight/status/1370237412492906496/video/1,0,
0_00182,They used to be forced to and then they were given the option to get out of there when they were pregnant which some women get criticized for and now it seems we are getting criticized for staying in.,https://twitter.com/CNNTonight/status/1370237412492906496/video/1,0,
0_00183,"I think of women, you know I am a mom but I didn't have kids before I deployed. ",https://twitter.com/CNNTonight/status/1370237412492906496/video/1,0,
0_00184,"The flight suit is a symbol of what you have accomplished, you are given the flight suit when you, you know get your wings and that type of thing.",https://twitter.com/CNNTonight/status/1370237412492906496/video/1,0,
0_00185,"So, to put us in a different uniform when we are pregnant kind of signifies that we are getting taken out of the team.",https://twitter.com/CNNTonight/status/1370237412492906496/video/1,0,
0_00186,"So I think its right that they have maternity flight suits, its not because women are flying, you know at that size, that stage in pregnancy.",https://twitter.com/CNNTonight/status/1370237412492906496/video/1,0,
0_00187,"It's not because we are jumping into trenches and fox holes, its because we are still valid, valued members of the team.",https://twitter.com/CNNTonight/status/1370237412492906496/video/1,0,
0_00188,But people like Tucker Carlson would never understand what it takes to accomplish a mission like that.,https://twitter.com/CNNTonight/status/1370237412492906496/video/1,0,
0_00189,"Well, Major Hegar again thank you so much for your service and we appreciate you appearing here on the programme this evening.",https://twitter.com/CNNTonight/status/1370237412492906496/video/1,0,
0_00190,"Hi millennial white women, lets talk about our fear of ageing and what the fuck that's doing to us right now.",https://twitter.com/wagatwe/status/1367539851860475906/video/1,0,
0_00191,"I think that I have said before is that, white women grow up being taught that they can trade somebody else's bodily autonomy and safety to secure their own proximity to power.",https://twitter.com/wagatwe/status/1367539851860475906/video/1,0,
0_00192,"But the use of that proximity to power grants us is the ability to never have to grow, it insulates white women in this little bubble where we are innocent. ",https://twitter.com/wagatwe/status/1367539851860475906/video/1,0,
0_00193,"And how could you hold us accountable for this, we are just little babies, but that space is dependent upon our youth and beauty.",https://twitter.com/wagatwe/status/1367539851860475906/video/1,0,
0_00194,"The problem with ageing is that, a lot of it is about growth, it's about leaning into your power, it is about learning what you are capable of.",https://twitter.com/wagatwe/status/1367539851860475906/video/1,0,
0_00195,"This is why this is a white millennial problem for the most part, we were given the expectation that we would always be fine that we would always be relevant that nothing could ever really touch us and we never have to be accountable but it actually turns out, we have to grow now.",https://twitter.com/wagatwe/status/1367539851860475906/video/1,0,
0_00196,"We can't just keep existing and perpetuating these power structures that already exists, we have to fix it now.",https://twitter.com/wagatwe/status/1367539851860475906/video/1,0,
0_00197,"My lords outside of this place, this amendment eighty seven B is causing quite a lot of excitement and anticipation certainly a lot of interest.",https://twitter.com/Fox_Claire/status/1372289871440662529/video/1,0,
0_00198,It's being directly linked to the tragic and brutal murder of Sara Everard.,https://twitter.com/Fox_Claire/status/1372289871440662529/video/1,0,
0_00199,"For any of us who have been, the unfortunate victims on the receiving ends of violent sexual attack.",https://twitter.com/Fox_Claire/status/1372289871440662529/video/1,0,
0_00200,"I was conditioned from a young age that, you know what makes a man is strength and dominance  and never crying and getting on with things really quickly. ",https://twitter.com/GMB/status/1372459778270707713/video/1,0,
0_00201,"And I think, culturally being a first generation Britain, watching my parents having a couple of jobs at a time, play a part too and I just kind of got on with it.",https://twitter.com/GMB/status/1372459778270707713/video/1,0,
0_00202,"But, when my dad passed away quite suddenly in two thousand and seventeen,I tried my best to do all those things.",https://twitter.com/GMB/status/1372459778270707713/video/1,0,
0_00203,"It ended up in me breaking down, and I think toxic masculinity is when your mind and your body is telling you that its ok to be vulnerable and you need to be honest and embrace weakness.",https://twitter.com/GMB/status/1372459778270707713/video/1,0,
0_00204,But you fight against that because of the ideals of the society has condition us to believe that this is what makes a man.,https://twitter.com/GMB/status/1372459778270707713/video/1,0,
0_00205,"That's when it becomes toxic, you know I think strength is a great thing I think, never crying is a good thing also.",https://twitter.com/GMB/status/1372459778270707713/video/1,0,
0_00206,"But we have to listen to our minds and our body and I think in terms of, you know, how it affects women.",https://twitter.com/GMB/status/1372459778270707713/video/1,0,
0_00207,"I don't know everything about women, but just from listening to the conversations over the last couple of weeks. ",https://twitter.com/GMB/status/1372459778270707713/video/1,0,
0_00208,"And that's true, no fault of their own and yeah not all men are bad not all men are predators, but just because you are not doesn't mean that this issue doesn't exist.",https://twitter.com/GMB/status/1372459778270707713/video/1,0,
0_00209,And I think it's strange when first reaction is one of defense and not compassion.,https://twitter.com/GMB/status/1372459778270707713/video/1,0,
0_00210,To be able to identify its consequences to this day and not contribute to it.,https://twitter.com/lumekaaveknew/status/1372460923991035904/video/1,0,
0_00211,Here's some examples of how colonialization is still palpable in African countries at many levels to this very day.,https://twitter.com/lumekaaveknew/status/1372460923991035904/video/1,0,
0_00212,"Patriarchy and othering of women, the whole notion of gender and biologic that is. ",https://twitter.com/lumekaaveknew/status/1372460923991035904/video/1,0,
0_00213,"We are not always present in Africa, at least not to such an extent.",https://twitter.com/lumekaaveknew/status/1372460923991035904/video/1,0,
0_00214,Social relations were based on age and seniority and not on gender or biological sex.,https://twitter.com/lumekaaveknew/status/1372460923991035904/video/1,0,
0_00215,"Since gender was not relevant, there is no evidence that patriarchy and the positioning of men as antilogic ally superior to women and incharge of making decision existed. ",https://twitter.com/lumekaaveknew/status/1372460923991035904/video/1,0,
0_00216,"There is however evidence that when Britain invaded and colonialized Yorubaland, patriarchy and the submission of women to men was present in Britain. ",https://twitter.com/lumekaaveknew/status/1372460923991035904/video/1,0,
0_00217,Patriarchy was therefore imposed during colonialization in Yorubaland and possibly in other African countries.,https://twitter.com/lumekaaveknew/status/1372460923991035904/video/1,0,
0_00218,"In Britain, excess to power was gender based, therefore politics was largely men's job.",https://twitter.com/lumekaaveknew/status/1372460923991035904/video/1,0,
0_00219,The system of indirect rule introduced by the British colonial government.,https://twitter.com/lumekaaveknew/status/1372460923991035904/video/1,0,
0_00220,"It's not true because, women aren't mentioned in the wording and they are not the focus at all of the amendment, in fact the language used is very particular and purposeful.",https://twitter.com/Fox_Claire/status/1372289992500903939/video/1,0,
0_00221,"And this can only muddy the waters, and make any data collection unreliable and opaque.",https://twitter.com/Fox_Claire/status/1372289992500903939/video/1,0,
0_00222,"So, patriarchy is like a man having his boot on a women's neck.",https://twitter.com/TheRealNubian2/status/1372000683323502596/video/1,0,
0_00223,"Feminism is, women asking that the boot be removed.",https://twitter.com/TheRealNubian2/status/1372000683323502596/video/1,0,
0_00224,"Men's rights activitst think that, having to take their boot off a women's neck is some sort of reverse oppression.",https://twitter.com/TheRealNubian2/status/1372000683323502596/video/1,0,
0_00225,Conservatives figured that there was never a problem with boot being on the neck until the women started complaining about it ad if everybody would just shut the fuck up things would be fine.,https://twitter.com/TheRealNubian2/status/1372000683323502596/video/1,0,
0_00226,Good guys take any complaint about the boot as a personal attack because not all men wear boots.,https://twitter.com/TheRealNubian2/status/1372000683323502596/video/1,0,
0_00227,It's a very universal experience to feel that you've failed in some aspects of your life,https://twitter.com/abc730/status/1372472499640799236/video/1,0,
0_00228,How have you learned to accomodate that and accept those feelings and not allow them to derail you,https://twitter.com/abc730/status/1372472499640799236/video/1,0,
0_00229,Well you know,https://twitter.com/abc730/status/1372472499640799236/video/1,0,
0_00230,I've obviously been derailed emotionally you know i grew up in an era where it wasn't terribly cool to be ethnic,https://twitter.com/abc730/status/1372472499640799236/video/1,0,
0_00231,I was also in an industry surrounded by an incredible amount of misogyny and really poor behavior,https://twitter.com/abc730/status/1372472499640799236/video/1,0,
0_00232,to which I am very very aware of now as a mature woman,https://twitter.com/abc730/status/1372472499640799236/video/1,0,
0_00233,I don't know how do i how do i i just get on you know,https://twitter.com/abc730/status/1372472499640799236/video/1,0,
0_00234,"It's my education, it's my family education you know you get to a certain point where you realise",https://twitter.com/abc730/status/1372472499640799236/video/1,0,
0_00235,"There are gonna to be stumblig blocks its now you manager those stumbling blocks, but it's how you manage those stumbling blocks.",https://twitter.com/abc730/status/1372472499640799236/video/1,0,
0_00236,Therefore politics was largely men's job,https://twitter.com/lumekaaveknew/status/1372477559422734338/video/1,0,
0_00237,The system of indirect rule introduced by the british colonial government recognised the male chief authority at the local level and did not acknowledge the existence of female chiefs,https://twitter.com/lumekaaveknew/status/1372477559422734338/video/1,0,
0_00238,This created a two fold hierarchy of race and gender,https://twitter.com/lumekaaveknew/status/1372477559422734338/video/1,0,
0_00239,Not only were black people seen as inferior to white people black women were seen as inferior to black men and to both white men and women,https://twitter.com/lumekaaveknew/status/1372477559422734338/video/1,0,
0_00240,African females were colonized by europeans,https://twitter.com/lumekaaveknew/status/1372477559422734338/video/1,0,
0_00241,"They were dominated, exploited and inferiorized as africans together with african men",https://twitter.com/lumekaaveknew/status/1372477559422734338/video/1,0,
0_00242,Then separately inferiorized and marginalized as african women,https://twitter.com/lumekaaveknew/status/1372477559422734338/video/1,0,
0_00243,"This had lasting consequences on education, educating boys was encouraged",https://twitter.com/lumekaaveknew/status/1372477559422734338/video/1,0,
0_00244,Since they could hope to access lower levels of the colonial government,https://twitter.com/lumekaaveknew/status/1372477559422734338/video/1,0,
0_00245,Women couldn't and as a result,https://twitter.com/lumekaaveknew/status/1372477559422734338/video/1,0,
0_00246,While boys and men received education that prepared them to apply for positions in the colonial regime,https://twitter.com/lumekaaveknew/status/1372477559422734338/video/1,0,
0_00247,Girls and women's education focused on embroidery and sewing,https://twitter.com/lumekaaveknew/status/1372477559422734338/video/1,0,
0_00248,That only the best is good enough for africa,https://twitter.com/lumekaaveknew/status/1372477559422734338/video/1,0,
0_00249,It is time that africans and those who are committed to africa's liberation from a colonial paradigm,https://twitter.com/lumekaaveknew/status/1372477559422734338/video/1,0,
0_00250,As doctor J E Quager agre said,https://twitter.com/lumekaaveknew/status/1372477559422734338/video/1,0,